{
  "Sanetym": 52282.5395301343,
  "Ebykik": 277732.0,
  "Uros": 447490.0,
  "Bemycy": 330984.0,
  "Zafyki": 81.0,
  "Uvyvoh": 45380.84487976515,
  "Ynuq": 19873.636253317436,
  "Pixosyz": 157136.5869572128,
  "Baceb": 210454.13788540626,
  "Gonene": 128664.0,
  "Syxapuj": 209700.0,
  "Oruwep": 48479.94380694834,
  "Hacyru": 349390.0,
  "Zyto": 110619.0,
  "Wazotaq": 123859.0,
  "Ikibo": 188826.0,
  "Qesokov": 269763.36641719326,
  "Noda": 609770.238547346,
  "Pijeqij": 16716.0,
  "Jekokow": 59847.0,
  "Imuvez": 33254.784927745124,
  "Heco": 172695.0,
  "Fyfuz": 353534.0,
  "Gyjo": 181818.0,
  "Enagu": 813888.6641701552,
  "Bate": 560490.0,
  "Onobu": 89475.0,
  "Icyf": 542163.0,
  "Zepad": 88231.0,
  "Vikox": 684399.0,
  "Mana": 916198.6773764847,
  "Ybym": 172880.81429545226,
  "Azegabu": 89339.0,
  "Egegevo": 337922.0,
  "Vowo": 55784.0,
  "Ozapob": 326400.80544357945,
  "Ityz": 29562.0,
  "Enityxu": 361663.0,
  "Azem": 419427.14422896714,
  "Xipy": 62014.0,
  "Xakecu": 64978.0,
  "Usucuta": 43349.0,
  "Ifuti": 75345.0,
  "Hoki": 107090.91627832699,
  "Etutyxi": 102018.4995131261,
  "Vutuzib": 618322.3503600467,
  "Kuto": 48770.22453557811,
  "Kisige": 640104.0029752015,
  "Jobecy": 790858.484654266,
  "Duwu": 54231.0,
  "Uvehanu": 86010.81919077918,
  "Beweb": 185674.0,
  "Upimago": 146588.0,
  "Fawidod": 69159.92915822008,
  "Mobyxac": 186139.0,
  "Imype": 245232.44419789177,
  "Macemed": 46133.0,
  "Umor": 523660.0,
  "Izut": 40012.0,
  "Ovoqugo": 572472.0,
  "Yzowyzu": 358652.0,
  "Sekomi": 22982.0,
  "Nemi": 597019.0,
  "Ezakis": 310621.0,
  "Tubud": 71889.0,
  "Vojyvu": 11844.308299228014,
  "Kovegac": 41229.0,
  "Ivyc": 200100.0,
  "Ojaqad": 243992.0,
  "Tuvap": 838804.764160477,
  "Giwu": 268987.34692810214,
  "Tewizoj": 175215.796854998,
  "Semup": 376574.0,
  "Gapab": 4836.8306074294505,
  "Ajud": 429918.5104929079,
  "Xutoda": 79386.0,
  "Vyjaby": 280492.0,
  "Ekora": 74868.4178801666,
  "Esyc": 15019.967974545198,
  "Suxa": 544767.0896858596,
  "Ydepuha": 9009.100314931844,
  "Ydesu": 401242.0,
  "Yzahuh": 68594.0,
  "Conun": 264380.96171085373,
  "Urano": 28408.398485335892,
  "Hagi": 300065.0,
  "Yfez": 79972.44694077974,
  "Dimo": 119607.0,
  "Qanyq": 118774.66282466848,
  "Opudas": 387376.0,
  "Ofevi": 409020.2843671763,
  "Aqikusa": 41166.0,
  "Icytif": 831402.1200065922,
  "Woce": 401499.0,
  "Fapyt": 423576.0,
  "Ciha": 227407.84421069708,
  "Urova": 40730.023387913,
  "Pabiror": 76814.50882755146,
  "Ejakiz": 651023.58745502,
  "Wuzun": 34711.0,
  "Udisad": 14212.0,
  "Ciguxyx": 322790.0,
  "Ukuqub": 228909.0,
  "Ynubec": 220934.20221985117,
  "Yraryke": 25346.774796813814,
  "Dipogyj": 250440.0,
  "Esyr": 39349.960907929744,
  "Ypiw": 74191.0,
  "Temaxaf": 46771.0,
  "Dibujo": 423508.0,
  "Yweb": 351327.0,
  "Nity": 125420.21222231163,
  "Otyg": 388144.3623802967,
  "Atere": 182898.0,
  "Osuxiju": 702992.9989794012,
  "Isek": 88041.60649807638,
  "Itusygo": 193502.62082615108,
  "Fanapyf": 881347.0,
  "Ecanuz": 53074.0,
  "Wocesy": 231674.0
}